{
  "project_info": {
    "project_number": "1081777576271",
    "project_id": "pamii-ec144",
    "storage_bucket": "pamii-ec144.appspot.com"
  },
  "client": [
    {
      "client_info": {
        "mobilesdk_app_id": "1:1081777576271:android:10d742a9b640cd226dcd3a",
        "android_client_info": {
          "package_name": "com.example.myapplication"
        }
      },
      "oauth_client": [
        {
          "client_id": "1081777576271-uveuuur8qbplpmahv33tujo6jjukded9.apps.googleusercontent.com",
          "client_type": 1,
          "android_info": {
            "package_name": "com.example.myapplication",
            "certificate_hash": "d48a2ea76d1dd8e8300d933747d628c8c83c9464"
          }
        },
        {
          "client_id": "1081777576271-lt3icgeu146cf1kvgidee8mh9ssnjgaf.apps.googleusercontent.com",
          "client_type": 3
        }
      ],
      "api_key": [
        {
          "current_key": "AIzaSyDzgUdhn2fJrV_zVn9q38fzIwHnrjzX4Tk"
        }
      ],
      "services": {
        "appinvite_service": {
          "other_platform_oauth_client": [
            {
              "client_id": "1081777576271-lt3icgeu146cf1kvgidee8mh9ssnjgaf.apps.googleusercontent.com",
              "client_type": 3
            }
          ]
        }
      }
    }
  ],
  "configuration_version": "1"
}